{
    "object": {
      "account_country": "US",
      "account_name": "Testing",
      "account_tax_ids": null,
      "amount_due": 0,
      "amount_paid": 0,
      "amount_remaining": 0,
      "application_fee_amount": null,
      "attempt_count": 0,
      "attempted": true,
      "auto_advance": false,
      "automatic_tax": {
        "enabled": false,
        "status": null
      },
      "billing_reason": "subscription_create",
      "charge": null,
      "collection_method": "charge_automatically",
      "created": 1637111741,
      "currency": "usd",
      "custom_fields": null,
      "customer": "cus_KbpnM7JR3DHnpO",
      "customer_address": {
        "city": null,
        "country": "PK",
        "line1": null,
        "line2": null,
        "postal_code": null,
        "state": null
      },
      "customer_email": "faiq@gmail.com",
      "customer_name": "faiq",
      "customer_phone": null,
      "customer_shipping": null,
      "customer_tax_exempt": "none",
      "customer_tax_ids": [
        {
          "type": "eu_vat",
          "value": "DE123456789"
        }
      ],
      "default_payment_method": null,
      "default_source": null,
      "default_tax_rates": [],
      "description": null,
      "discount": null,
      "discounts": [],
      "due_date": null,
      "ending_balance": 0,
      "footer": null,
      "hosted_invoice_url": "https://invoice.stripe.com/i/acct_1Ju5KIB4k1y3jDV8/test_YWNjdF8xSnU1S0lCNGsxeTNqRFY4LF9LYnFSRGREcnpvY1pBWUlPWU45RzBVNEZCRlVHUkxv0100jB1LnpSc",
      "id": "in_1JwckTB4k1y3jDV8EWQWTXZV",
      "invoice_pdf": "https://pay.stripe.com/invoice/acct_1Ju5KIB4k1y3jDV8/test_YWNjdF8xSnU1S0lCNGsxeTNqRFY4LF9LYnFSRGREcnpvY1pBWUlPWU45RzBVNEZCRlVHUkxv0100jB1LnpSc/pdf",
      "last_finalization_error": null,
      "lines": {
        "data": [
          {
            "amount": 0,
            "currency": "usd",
            "description": "0 \u00d7 Graduated (at $1.00 / month)",
            "discount_amounts": [],
            "discountable": true,
            "discounts": [],
            "id": "il_1JwckTB4k1y3jDV8kUOYgOtZ",
            "livemode": false,
            "metadata": {},
            "object": "line_item",
            "period": {
              "end": 1639703441,
              "start": 1637111741
            },
            "plan": {
              "active": true,
              "aggregate_usage": null,
              "amount": null,
              "amount_decimal": null,
              "billing_scheme": "tiered",
              "created": 1636593046,
              "currency": "usd",
              "id": "price_1JuRoQB4k1y3jDV8rlxHuG8w",
              "interval": "month",
              "interval_count": 1,
              "livemode": false,
              "metadata": {},
              "nickname": null,
              "object": "plan",
              "product": "prod_KZZOJ1JO5o59cw",
              "tiers_mode": "graduated",
              "transform_usage": null,
              "trial_period_days": null,
              "usage_type": "metered"
            },
            "price": {
              "active": true,
              "billing_scheme": "tiered",
              "created": 1636593046,
              "currency": "usd",
              "id": "price_1JuRoQB4k1y3jDV8rlxHuG8w",
              "livemode": false,
              "lookup_key": null,
              "metadata": {},
              "nickname": null,
              "object": "price",
              "product": "prod_KZZOJ1JO5o59cw",
              "recurring": {
                "aggregate_usage": null,
                "interval": "month",
                "interval_count": 1,
                "trial_period_days": null,
                "usage_type": "metered"
              },
              "tax_behavior": "unspecified",
              "tiers_mode": "graduated",
              "transform_quantity": null,
              "type": "recurring",
              "unit_amount": null,
              "unit_amount_decimal": null
            },
            "proration": false,
            "quantity": 0,
            "subscription": "sub_1JwckTB4k1y3jDV8F1fIucre",
            "subscription_item": "si_KbqRMyx7lqwYCx",
            "tax_amounts": [],
            "tax_rates": [],
            "type": "subscription"
          }
        ],
        "has_more": false,
        "object": "list",
        "total_count": 1,
        "url": "/v1/invoices/in_1JwckTB4k1y3jDV8EWQWTXZV/lines"
      },
      "livemode": false,
      "metadata": {},
      "next_payment_attempt": null,
      "number": "003120C9-0004",
      "object": "invoice",
      "on_behalf_of": null,
      "paid": true,
      "payment_intent": null,
      "payment_settings": {
        "payment_method_options": null,
        "payment_method_types": null
      },
      "period_end": 1637111741,
      "period_start": 1637111741,
      "post_payment_credit_notes_amount": 0,
      "pre_payment_credit_notes_amount": 0,
      "quote": null,
      "receipt_number": null,
      "starting_balance": 0,
      "statement_descriptor": null,
      "status": "paid",
      "status_transitions": {
        "finalized_at": 1637111741,
        "marked_uncollectible_at": null,
        "paid_at": 1637111741,
        "voided_at": null
      },
      "subscription": "sub_1JwckTB4k1y3jDV8F1fIucre",
      "subtotal": 0,
      "tax": null,
      "total": 0,
      "total_discount_amounts": [],
      "total_tax_amounts": [],
      "transfer_data": null,
      "webhooks_delivered_at": null
    }
  }